<?xml version="1.0" encoding="utf-8"?>
<!-- Profile Configuration Data. 5/23/2024 9:28:53 PM -->
<!-- Made with DS4Windows version 3.3.3 -->

<Profile app_version="3.3.3" config_version="2">
  <useExclusiveMode>False</useExclusiveMode>
  <startMinimized>False</startMinimized>
  <minimizeToTaskbar>False</minimizeToTaskbar>
  <formWidth>782</formWidth>
  <formHeight>550</formHeight>
  <formLocationX>0</formLocationX>
  <formLocationY>0</formLocationY>
  <LastChecked>01/01/0001 00:00:00</LastChecked>
  <CheckWhen>24</CheckWhen>
  <Notifications>2</Notifications>
  <DisconnectBTAtStop>False</DisconnectBTAtStop>
  <SwipeProfiles>True</SwipeProfiles>
  <QuickCharge>False</QuickCharge>
  <CloseMinimizes>False</CloseMinimizes>
  <UseLang />
  <DownloadLang>False</DownloadLang>
  <FlashWhenLate>True</FlashWhenLate>
  <FlashWhenLateAt>500</FlashWhenLateAt>
  <AppIcon>Default</AppIcon>
  <AppTheme>Default</AppTheme>
  <UseOSCServer>False</UseOSCServer>
  <OSCServerPort>9000</OSCServerPort>
  <InterpretingOscMonitoring>False</InterpretingOscMonitoring>
  <UseOSCSender>False</UseOSCSender>
  <OSCSenderPort>9001</OSCSenderPort>
  <OSCSenderAddress>127.0.0.1</OSCSenderAddress>
  <UseUDPServer>False</UseUDPServer>
  <UDPServerPort>26760</UDPServerPort>
  <UDPServerListenAddress>127.0.0.1</UDPServerListenAddress>
  <UDPServerSmoothingOptions>
    <UseSmoothing>False</UseSmoothing>
    <UdpSmoothMinCutoff>0.4</UdpSmoothMinCutoff>
    <UdpSmoothBeta>0.2</UdpSmoothBeta>
  </UDPServerSmoothingOptions>
  <UseCustomSteamFolder>False</UseCustomSteamFolder>
  <CustomSteamFolder />
  <AutoProfileRevertDefaultProfile>True</AutoProfileRevertDefaultProfile>
  <AbsRegionDisplay />
  <DeviceOptions>
    <DS4SupportSettings>
      <Enabled>True</Enabled>
    </DS4SupportSettings>
    <DualSenseSupportSettings>
      <Enabled>False</Enabled>
    </DualSenseSupportSettings>
    <SwitchProSupportSettings>
      <Enabled>False</Enabled>
    </SwitchProSupportSettings>
    <JoyConSupportSettings>
      <Enabled>False</Enabled>
      <LinkMode>Joined</LinkMode>
      <JoinedGyroProvider>JoyConL</JoinedGyroProvider>
    </JoyConSupportSettings>
    <DS3SupportSettings>
      <Enabled>False</Enabled>
    </DS3SupportSettings>
  </DeviceOptions>
  <CustomLed1>False:0,0,255</CustomLed1>
  <CustomLed2>False:0,0,255</CustomLed2>
  <CustomLed3>False:0,0,255</CustomLed3>
  <CustomLed4>False:0,0,255</CustomLed4>
  <CustomLed5>False:0,0,255</CustomLed5>
  <CustomLed6>False:0,0,255</CustomLed6>
  <CustomLed7>False:0,0,255</CustomLed7>
  <CustomLed8>False:0,0,255</CustomLed8>
</Profile>